year,weather_year,epsilon,alternative,objective,total_cost_eur,co2_emissions_t,renewable_share,solar_capacity_mw,onwind_capacity_mw
2045,2023,0.05,1,solar_capacity,-57235407.473102905,14914556.137762783,0.9977529953419321,359999.9999999999,280000.0
2045,2023,0.05,2,onwind_capacity,-150422604.00722423,14916371.345246077,0.9978730043747963,359999.9999999999,280000.0
2045,2023,0.05,3,storage_capacity,-1109458032.9098148,15281288.666603781,0.9961858296587889,359999.9999999999,280000.0
2045,2023,0.05,4,total_renewable,-146746617.01112375,16932506.667970598,0.9879151796657291,359999.9999999999,280000.0
2045,2023,0.05,5,minimize_cost,-751876700.6844509,17258844.102562077,0.9862796202078193,359999.9999999999,280000.0
