pm25_r2,no2_r2,pm25_rmse,no2_rmse,pm25_mae,no2_mae
0.9757212572504135,0.9836063419166717,109.35530934722324,85.85657380015128,7.033996674979461,6.006274314214566
